sample_id,dataset_index,expected_label,fpga_digit,accepted,confidence,margin,cycles,transport_ms,correct,error
1,0,7,7,1,255,380,724247,3371.984,1,
2,1,2,2,1,255,242,751071,3372.069,1,
3,2,1,1,1,255,294,777895,3366.474,1,
4,3,0,0,1,255,494,804719,3373.943,1,
5,4,4,4,1,255,141,831543,3378.783,1,
6,5,1,1,1,255,367,858367,370.706,1,
7,6,4,4,1,255,143,898603,3729.993,1,
8,7,9,9,1,255,115,925427,369.937,1,
9,8,5,6,1,255,206,952251,3.051,0,
10,9,9,9,1,255,144,965663,3.062,1,
11,10,0,0,1,255,239,979075,3.006,1,
12,11,6,6,1,255,153,992487,3.024,1,
13,12,9,9,1,255,115,1005899,3.119,1,
14,13,0,0,1,255,264,1019311,3.106,1,
15,14,1,1,1,255,392,1032723,3.128,1,
16,15,5,5,1,255,73,1046135,7.808,1,
17,16,9,9,1,255,152,1059547,3.029,1,
18,17,7,7,1,255,413,1072959,3.013,1,
19,18,3,3,1,255,97,1086371,3.043,1,
20,19,4,4,1,255,186,1099783,2.964,1,
21,20,9,9,1,255,49,1113195,3.344,1,
22,21,6,6,1,255,301,1126607,2.961,1,
23,22,6,6,1,255,73,1140019,3.050,1,
24,23,5,5,1,255,224,1153431,2.975,1,
25,24,4,4,1,255,103,1166843,3.048,1,
26,25,0,0,1,255,514,1180255,3.031,1,
27,26,7,7,1,255,256,1193667,3.008,1,
28,27,4,4,1,255,167,1207079,3.002,1,
29,28,0,0,1,255,401,1220491,3.033,1,
30,29,1,1,1,255,282,1233903,3.000,1,
